한미양행,영양제,비오틴을 채우다,,44500,비오틴 멀티비타민,https://image.msscdn.net/images/goods_img/20210923/2142525/2142525_1_500.jpg?t=20210923142011
보틀오프네이쳐,영양제,프리티 비오틴,,25100,비오틴 비타민C 판토텐산,http://image.skstoa.com/goods/118/23114118_c.jpg
나트롤,영양제,나트롤 비오틴 10000mcg,,13000,비오틴,https://cloudinary.images-iherb.com/image/upload/f_auto
신헬스케어,영양제,NR 프리티 비오틴5000,,18400,비오틴,https://cloudinary.images-iherb.com/image/upload/f_auto
종근당,영양제,비오틴 90정,,26800,비오틴 판토텐산 아연,https://thumbnail7.coupangcdn.com/thumbnails/remote/492x492ex/image/retail/images/2355236111695821-884a3c0f-bd5f-4a82-bda0-1626d845b5a3.jpg
나우푸드,영양제,비오틴 5000mcg,,4500,비오틴,https://thumbnail10.coupangcdn.com/thumbnails/remote/492x492ex/image/vendor_inventory/99d3/18debf6d828909f2b1cdc46d30b5e3d487d5fb6252739e5d210abcf5cd4c.jpg
리얼그램,영양제,유기농100%비오틴,,65000,비오틴,https://thumbnail10.coupangcdn.com/thumbnails/remote/492x492ex/image/vendor_inventory/b463/df22f01aad0c69285b2d7bde91b960a805dae2eefc3c0a0055aa43b407f4.jpg
Dr.Prio,영양제,더다른비오틴,,122500,비오틴 판토텐산 셀렌 엽산,https://thumbnail6.coupangcdn.com/thumbnails/remote/492x492ex/image/vendor_inventory/7dbd/29ce2a3552862fc7e35f780b886770a27a2635f8da280b9036761706ed5d.png
vivife,영양제,건강한 유기농 100% 비오틴,,22900,비오틴,https://thumbnail10.coupangcdn.com/thumbnails/remote/492x492ex/image/vendor_inventory/b463/df22f01aad0c69285b2d7bde91b960a805dae2eefc3c0a0055aa43b407f4.jpg
Now Foods,영양제,베타 시토스테롤 식물성 스테롤 180 소프트젤,,30998,베타시토스테롤,https://thumbnail9.coupangcdn.com/thumbnails/remote/492x492ex/image/vendor_inventory/1fe5/b200f939043ab844cecb191b7b21d271f2daf40e4f02caa4467a72c16463.png
Source Naturals,영양제,초강력 베타 시토스테롤 375mg,,17370,베타시토스테롤,https://thumbnail6.coupangcdn.com/thumbnails/remote/492x492ex/image/vendor_inventory/9d44/a77966b22b63670698aa228db566a885710e41770d8d7b5b66f956fdebd3.jpg
Life Extension,영양제,PalmettoGuard 톱야자풀/쐐기풀,,25049,베타시토스테롤 쏘팔메토,https://cdn.011st.com/11dims/resize/600x600/quality/75/11src/product/2560064472/B.jpg?92000000
나우푸드,영양제,180 소프트젤,,49888,베타시토스테롤 비타민D 아연,https://thumbnail8.coupangcdn.com/thumbnails/remote/492x492ex/image/vendor_inventory/b906/4cec2f46350dd765bda0d9b250d3cbf8c54abda5b0bd49c52539ccf8260b.jpg
샤오미,두피마사지기,두피마사지기 MINI M2,,23290,,https://thumbnail6.coupangcdn.com/thumbnails/remote/492x492ex/image/vendor_inventory/94c1/ed8716666780d34bc0f116cedd87e27f1f29be1bf205894fc9817fbf9798.jpeg
샤오미,두피마사지기,KRIBEE 전동 두피 마사지기,,22570,,https://thumbnail9.coupangcdn.com/thumbnails/remote/492x492ex/image/vendor_inventory/3b16/3fe3dc14edde7fb6bb6c69e6a8c0b62300ce39b0bbf848edf94cc4179acb.png
키위코퍼레이션,두피마사지기,전동 두피마사지기,,49100,,https://img.danawa.com/prod_img/500000/632/606/img/2606632_1.jpg?shrink=330:330&_v=20200610165137
홈케어,두피마사지기,전동 충전식 두피안마기 81086-8,,23900,,https://img.danawa.com/prod_img/500000/503/470/img/13470503_1.jpg?shrink=330:330&_v=20210226120007
에이블미,두피마사지기,무선 두피 마사지기,,37800,,https://thumbnail6.coupangcdn.com/thumbnails/remote/492x492ex/image/vendor_inventory/7a4f/15537b77cd88247a01dbd2c1f138ec84bd63989c8263585688b9d0a8540e.png
한일의료기,두피마사지기,충전식 무선 미니 방수 두피 스켈링 마사지기,,117400,,https://thumbnail6.coupangcdn.com/thumbnails/remote/492x492ex/image/retail/images/2021/04/28/11/1/371c6280-134c-4142-9500-7cb88739c51f.jpg
더슈,두피마시지기,다슈 데일리 스칼프 스켈일링 브러쉬,,15000,,https://image.msscdn.net/images/goods_img/20180903/845561/845561_1_500.jpg?t=20180903160949
루이스벨라,두피마시지기,두피각질케어 전동탈모 루이스벨라,,78000,,https://thumbnail9.coupangcdn.com/thumbnails/remote/492x492ex/image/vendor_inventory/6e2f/1d36ff7d23228b0ead3c2fb9ca7649a6f69f23371b5577aa925d697224e1.jpg
keka,두피마사지기,머리 안마기 건습양용,,58900,,https://thumbnail8.coupangcdn.com/thumbnails/remote/492x492ex/image/vendor_inventory/2968/b2af02e6984a005233b65e96b8a8bee0fbbe0e69986d2442d7c241af3974.jpg
ANKRIC,두피마사지기,전동 두피마사지기,,56800,,https://thumbnail6.coupangcdn.com/thumbnails/remote/492x492ex/image/product/image/vendoritem/2018/07/04/3029134329/d2d00aa2-c049-49e2-979b-e1ab2225e455.jpg
오아,두피마사지기,스칼프빔 두피관리기,,69000,,https://thumbnail7.coupangcdn.com/thumbnails/remote/492x492ex/image/vendor_inventory/13f2/548a5e334d55dc6dd1d53e30d9e7a09718ebbc3a2e26d80e61ac2b0bd736.jpg
마리아띠,두피마사지기,두피마사지기 SO-405,,80640,,https://thumbnail10.coupangcdn.com/thumbnails/remote/492x492ex/image/vendor_inventory/c5cc/32e607f3afdb9d642e3066c2356d56c5258571d32ad480a4945d4d2b2d52.jpeg
뷰리셀,두피마사지기,두피마사지 브러쉬,,9300,,https://thumbnail9.coupangcdn.com/thumbnails/remote/492x492ex/image/retail/images/2021/04/13/16/2/db9c19f0-3584-4cd0-9cf9-96b6b6841100.jpg
브레오,두피마사지기,손지압 두피마사직 SCALP2,,180000,,https://img.danawa.com/prod_img/500000/532/772/img/12772532_1.jpg?shrink=330:330&_v=20201126131052
에디쁘,두피마사지기,두피 괄사 마사지기,,14000,,https://thumbnail8.coupangcdn.com/thumbnails/remote/492x492ex/image/retail/images/2019/08/23/17/9/92ace010-6de8-43a8-890f-59314939d15a.jpg
CALA,두피마사지기,헤드마사지기,,5260,,https://thumbnail8.coupangcdn.com/thumbnails/remote/492x492ex/image/retail/images/12696882364851534-2c72e80d-a1ee-496d-99fa-ad8c5c209654.png
keka,두피마사지기,머리 지압 안마기 휴대용 미니,,27900,,https://thumbnail8.coupangcdn.com/thumbnails/remote/492x492ex/image/vendor_inventory/2968/b2af02e6984a005233b65e96b8a8bee0fbbe0e69986d2442d7c241af3974.jpg
제스파,두피마사지기,브레인 두피 마사지기 A380,,49000,,https://thumbnail8.coupangcdn.com/thumbnails/remote/492x492ex/image/retail/images/2018/01/31/9/6/33b1967c-efb9-4648-bb84-2204a8cdf4cc.jpg
더줌커머스,두피마사지기,머르가즘 휴대용 간편 마사지기,,8700,,https://thumbnail9.coupangcdn.com/thumbnails/remote/492x492ex/image/vendor_inventory/0982/48a38af587f6f4c2bb879acc964b2970e5121e54cd951e5ecf13dca0cd63.png
한일의료기,두피마사지기,HL-HE2000,,97400,,https://thumbnail10.coupangcdn.com/thumbnails/remote/492x492ex/image/rs_quotation_api/1nzhe70o/29fec301b6584c3fb95228f1e1613d78.jpg
마리아띠,두피마사지기,전동 두피마사지기 So-805,,145000,,https://thumbnail10.coupangcdn.com/thumbnails/remote/492x492ex/image/vendor_inventory/images/2019/01/04/17/6/24212b76-59c0-4c35-8461-18b6292641bb.jpg
Smabat,두피마사지기,전동 두피 마사지기,,45900,,https://thumbnail9.coupangcdn.com/thumbnails/remote/492x492ex/image/vendor_inventory/6596/5594d413bf822f07b076ba601f83c9d939d10c44d1bd7a3ef34c5709c24c.jpg
더마퀸,두피마사지기,두피 쿨링스틱,,27500,,https://thumbnail7.coupangcdn.com/thumbnails/remote/492x492ex/image/retail/images/2020/04/14/17/1/a5db0b0b-11ec-437d-98b7-c7455ef866ae.jpg
마리아띠,두피마사지기,쿨그린 두피마사지기 SO-801,,250000,,https://thumbnail10.coupangcdn.com/thumbnails/remote/492x492ex/image/vendor_inventory/1ba2/f8bfb30fce90d65f015b0705e88707817fb1339160957def9fb2e1af818b.jpg
두피쿨,두피마사지기,두피마사지기,,28600,,https://thumbnail6.coupangcdn.com/thumbnails/remote/492x492ex/image/retail/images/2020/09/15/10/6/68d18c0c-0d0b-4253-95ac-c7fbf14f9503.jpg
미빌,두피마사지기,탈모는그만 휴대용 두피마사지 브러쉬,,9900,,https://upload.wikimedia.org/wikipedia/ko/4/4a/%EC%8B%A0%EC%A7%B1%EA%B5%AC.png
미프,헤어토닉,아미노 헤어프로텍터 150ml,150,50000,엘-멘톨 살리실릭애씨드 덱스판테놀,https://thumbnail10.coupangcdn.com/thumbnails/remote/492x492ex/image/retail/images/11339735773221499-463378c0-15c8-44d0-af19-77c8c2fe76d8.jpg
테라픽,헤어토닉,프리미엄 토탈 헤어토닉,,90000,엘-멘톨 살리실릭애씨드 덱스판테놀,https://thumbnail10.coupangcdn.com/thumbnails/remote/492x492ex/image/retail/images/11339735773221499-463378c0-15c8-44d0-af19-77c8c2fe76d8.jpg
리우젤,헤어토닉,그루밍 토닉 헤어에센스,,30520,아르간 오일 위치하젤 추출물 쐐기풀 추출물 로즈마리 추출물 호스테일 뿌리,https://thumbnail6.coupangcdn.com/thumbnails/remote/492x492ex/image/retail/images/2022/08/08/9/6/b0f36dca-9af2-4606-9e55-427dcf4294f6.jpg
나드,헤어토닉,탈모증상완화 헤어토닉 200ml,200,36000,덱스판테놀 나이아신아마이드 살리실산 멘톨,https://thumbnail6.coupangcdn.com/thumbnails/remote/492x492ex/image/retail/images/287296195744120-79cd5fbd-5894-42fd-8da8-bb4b903ad737.jpg
나드,헤어토닉,블랙시드 탈모케어 헤어토닉,,15000,덱스판테놀  살리실산 멘톨,https://thumbnail9.coupangcdn.com/thumbnails/remote/492x492ex/image/retail/images/7983287669935642-3e050a87-04bc-402b-9cb9-5ec696ddc547.jpg
닥터방기원,헤어토닉,랩 헤어토닉 150ml,150,23800,어성초 추출물 소엽잎 추출물 녹차입 추출물,https://thumbnail9.coupangcdn.com/thumbnails/remote/492x492ex/image/retail/images/1149071581788309-29aa84c6-7174-4e8d-b41e-90975225af8e.jpg
에브리톡톡,헤어토닉,헤어토닉 베르가못향 240ml,240,33750,카퍼트라이펩타이드-1 알에치-올리고펩타이드-1 바이오틴 하이드롤라이즈드케라틴 알란토인 동백나무씨오일 나이아신아마이드,https://thumbnail8.coupangcdn.com/thumbnails/remote/492x492ex/image/vendor_inventory/d78c/39f9351e422806fcd030ebfa0d823d03144fb8f5c37f08a038f63541e0ef.jpg
닥터포헤어,헤어토닉,폴리젠 헤어토닉,,19000,판테놀 프로판디올 알란토인 아데노신,https://thumbnail6.coupangcdn.com/thumbnails/remote/492x492ex/image/retail/images/1726553647892669-7b8164de-38af-464c-8762-5c77e0375369.jpg
아로마티카,헤어토닉,액티브 브이 안티 헤어로스 토닉,,22000,바이오틴 하이드롤라이즈드보라단백질,https://thumbnail9.coupangcdn.com/thumbnails/remote/492x492ex/image/retail/images/1154535121466174-64070a2b-15d7-4d5e-a38a-e345860fdbe9.jpg
달리프,해어토닉,달리프 클로렐라 베러 루트 헤어 토닉,,17100,L멘톨 살리실산 덱스판테놀,https://thumbnail6.coupangcdn.com/thumbnails/remote/492x492ex/image/retail/images/11074879816558083-008da900-ba11-4b4f-9c30-3ecb6d22626e.jpg
메디슈어,헤어토닉,메디슈어 헤어토닉,,9900,티트리잎 추출물 병풀추출물 불가리스쑥추출물,https://thumbnail6.coupangcdn.com/thumbnails/remote/492x492ex/image/rs_quotation_api/nzdfzjup/c99c50c3a0e04c7db9ec1ce87c2ba060.jpg
시세이도,헤어토닉,지성용 뷰티 스파 헤어토닉,,128000,글리세린 토코페롤 비오틴,https://thumbnail8.coupangcdn.com/thumbnails/remote/492x492ex/image/rs_quotation_api/pilqwzm2/3c3fe33f06d94439a1fbea9d4f5181c2.png
클럽맨피노드,헤어토닉,그리즐리스 헤어토닉,,25000,글리세린 리모넨,https://thumbnail8.coupangcdn.com/thumbnails/remote/492x492ex/image/retail/images/2019/11/12/16/1/d508500f-eeb3-43eb-b07d-179d2b864831.jpg
려,헤어토닉,탈모증상전문케어 두피 헤어토닉,,20000,멘톨 판테놀,https://thumbnail6.coupangcdn.com/thumbnails/remote/492x492ex/image/rs_quotation_api/bfvr9qwi/0e401f1072c84aa189d5de609727b278.jpg
플로랜드,헤어토닉,프리미엄 케라틴 체인지 헤어앰플,,12600,메티오닌 판테놀,https://thumbnail9.coupangcdn.com/thumbnails/remote/492x492ex/image/retail/images/534175597692908-7771d20c-d5f9-4ace-9345-95cb2a612e07.jpg
비에티,헤어토닉,영양 앰플 대용량 부들부들 헤어엠플 1040ml,1040,50000,프라칵시 오일 아사이 오일,https://asset.m-gs.kr/prod/62214872/1/550
미쟝센,헤어토닉,살롱 플러스 클리닉 에센스990ml,990,21900,리모넨 트레오닌,https://thumbnail9.coupangcdn.com/thumbnails/remote/492x492ex/image/retail/images/2254491634665727-98188642-946a-43a6-9ed7-43624df7bf8a.jpg
다봉쓰 미용실,헤어토닉,극손상 단백질 트리트먼트 600ml,600,60900,하이드롤라 이즈드케라틴 하이드롤라 이즈드콜라겐 하이드롤 라이즈드실크 판테놀,https://thumbnail7.coupangcdn.com/thumbnails/remote/492x492ex/image/vendor_inventory/04f8/2c95cc3c2d0673d03e285c17028bf7f0d39ff72f2296a30814c580f058be.jpg
