brand,product,name,capacity,price,question
TS,샴푸,TS 골드플러스 TS 샴푸 500ml,500,12850,1-2번 5번 피지억제 4번
TS,샴푸,TS 올뉴 플러스 TS 샴푸 500ml,500,13980,5번 피지억제 4번 2번
TS,샴푸,TS 뉴 프리미엄 TS 샴푸 펌프형 500ml,500,13950,1-2번 5번 2번
TS,샴푸,TS 올뉴 TS 샴푸 500ml,500,14450,1-2번 피지억제
TS,샴푸,TS 블랙 에디션샴푸 500ml,500,55890,탈모 억제 효과
TS,샴푸,TS 비디샴푸 500ml,500,11220,1-2번 5번 피지억제 4번
TS,샴푸,TS 비오틴 샴푸 500ml,500,69000,1-2번 5번
TS,샴푸,TS 트러스트 TS 샴푸 500ml,500,20580,1-2번 5번 수렴 및 진정
TS,샴푸,TS 프리미엄 TS 샴푸 500ml,500,25390,4번 5번 2번
TS,샴푸,TS 내추럴 프리미엄 TS 샴푸 500ml,500,32190,1-2번 피지억제
TS,샴푸,TS 내추럴 올뉴 TS 샴푸 500ml,500,31490,1-2번 5번 피지억제 4번 2번
TS,샴푸,TS 뉴TS 쿨샴푸 500ml,500,25860,1-2번 5번 피지억제 4번
모다모다,샴푸,모다모다 프로체인지 블랙샴푸 300g,300,25430,1-2번 5번 피지억제 4번
아모스,샴푸,"아모스 수렴 및 진정,비듬 제거실감 샴푸액 지성타입 500ml",500,12410,9번 피지억제
아모스,샴푸,"아모스 수렴 및 진정,비듬 제거실감 샴푸액 중,건성타입 500ml",500,13220,1-2번 피지억제
아모스,샴푸,"아모스 수렴 및 진정,비듬 제거실감 샴푸액 민감성타입 500ml",500,13990,1-2번 5번 피지억제 4번
메디올,샴푸,메디올 메디올 두피청정샴푸 480ml,480,12660,1-2번 탈모 억제 효과 피지억제
메디올,샴푸,메디올 두피청정 샴푸 힐링부케 800ml,800,39090,
메디올,샴푸,메디올 두피청정 샴푸 후레쉬 시트러스 800ml,800,39060,
닥터그루트,샴푸,닥터그루트 탈모방지 힘없는 모발 샴푸 400ml,400,13420,3번 5번
닥터그루트,샴푸,닥터그루트 라임바질 앤 만다린 애딕트 샴푸 680ml,680,26600,5번 9번 피지억제 4번
닥터그루트,샴푸,닥터그루트 탈모증상집중케어 두피 쿨링 샴푸 400ml,400,17160,1-2번 5번 9번 피지억제
닥터그루트,샴푸,닥터그루트 마이크로바이옴 샴푸 200ml,200,14000,5번 9번 피지억제 4번 2번
닥터그루트,샴푸,닥터그루트 탈모방지 지성 샴푸 400ml,400,15290,1-2번 5번 9번 피지억제 4번
닥터그루트,샴푸,닥터그루트 프로비오틴 힘없는 모발용 샴푸 400ml,400,20760,1-2번 5번 9번 피지억제 4번
닥터그루트,샴푸,닥터그루트 비듬각질 딥클렌징 샴푸 400ml,400,17100,1-2번 5번 9번 피지억제 4번
닥터그루트,샴푸,닥터그루트 애딕트 자스민 샴푸 680ml,680,32310,1-2번 5번 9번 피지억제 4번
닥터그루트,샴푸,닥터그루트 지성두피용 샴푸 870ml,870,32950,1-2번 5번 9번 피지억제 4번
닥터그루트,샴푸,닥터그루트 마이크로바이옴 샴푸 400ml,400,13000,5번 9번 피지억제 4번 2번
닥터그루트,샴푸,닥터그루트 애딕트 릴리드 모헬리 샴푸 385ml,385,17460,5번 탈모 억제 효과 9번 4번 2번
닥터그루트,샴푸,닥터그루트 더마솔루션 대용량 샴푸 870ml,870,78755,1-2번 5번 9번 피지억제 4번
닥터그루트,샴푸,닥터그루트 제이몬스터즈 샴푸 로지머스크 400g,400,21980,5번 탈모 억제 효과 9번 피지억제 2번
닥터그루트,샴푸,닥터그루트 제이몬스터즈 샴푸 시트러스 400g,400,20250,5번 탈모 억제 효과 9번 피지억제 2번
닥터그루트,샴푸,닥터그루트 애딕트 피오니 샴푸 680ml,680,33080,5번
닥터그루트,샴푸,닥터그루트 애딕트 페어프리지아 샴푸 680ml,680,32310,5번 탈모 억제 효과 9번 피지억제 2번
려,샴푸,려 자양윤모 탈모증상케어 샴푸 민감성 두피용 400ml,400,6180,1-2번 피지억제
려,샴푸,려 자양윤모 탈모증상케어 샴푸 힘없는 모발용 400ml,400,4150,1-2번 9번 피지억제
려,샴푸,려 자양윤모 탈모증상케어 샴푸 지성 두피용 400ml,400,5490,1-2번 피지억제 4번
려,샴푸,려 자양윤모 탈모증상케어 샴푸 비듬 두피용 400ml,400,6580,4번 9번
려,샴푸,려 자양윤모 9EX 탈모증상케어 샴푸 중건성 두피용 400ml,400,5610,5번 9번 4번 2번 부드러운 모발
려,샴푸,려 자양윤모 탈모증상케어 중건성 두피용 400ml,400,5890,1-2번 피지억제 4번
려,샴푸,려 EM 쐐기풀 탈모증상케어 샴푸 820ml,820,9470,1-2번 9번 4번 2번
려,샴푸,려 초의방 프리미엄 탈모증상완화 샴푸 490ml,490,6320,5번 탈모 억제 효과 9번
려,샴푸,려 EM 맥주홉 탈모증상케어 샴푸 820ml,820,10490,1-2번 5번 9번 4번 2번
려,샴푸,려 자양윤모 탈모증상케어 제주산들바람 샴푸 585ml,585,13590,5번 9번 부드러운 모발
려,샴푸,려 자양윤모 모발채움 샴푸 힘없는 모발용 400ml,400,23850,1-2번 5번 탈모 억제 효과 9번 피지억제
려,샴푸,려 강화 약쑥 샴푸 800ml,800,8310,5번 9번
려,샴푸,려 자양윤모 탈모증상케어 서울석양 샴푸 585ml,585,13090,1-2번
려,샴푸,려 생발효 인삼 샴푸 400ml,400,22020,1-2번 9번 피지억제
라보에이치,샴푸,라보에이치 프로바이오틱스 두피강화 샴푸 400ml,400,12800,5번 9번 4번 2번 부드러운 모발
라보에이치,샴푸,라보에이치 탈모증상완화 샴푸 두피쿨링 400ml,400,12970,5번 9번 4번 2번 부드러운 모발
라보에이치,샴푸,라보에이치 탈모증상완화 샴푸 민감더마 400ml,400,13990,1-2번 5번 2번
라보에이치,샴푸,라보에이치 더프리미엄9 337ml,337,14630,5번 9번 수렴 및 진정
라보에이치,샴푸,라보에이치 탈모증상완화 샴푸 두피강화 400ml,400,14290,5번 9번 2번 부드러운 모발
닥터포헤어,샴푸,닥터포헤어 폴리젠 샴푸 500ml,500,13740,1-2번 5번 9번 부드러운 모발
닥터포헤어,샴푸,닥터포헤어 폴리젠 바이오-3 샴푸 500ml,500,10550,1-2번 5번 9번 4번 수렴 및 진정
닥터포헤어,샴푸,닥터포헤어 폴리젠 플러스 샴푸 500ml,500,13800,1-2번 5번 9번
닥터포헤어,샴푸,닥터포헤어 폴리젠 탈모 완화 샴푸 500ml,500,12620,1-2번 5번 9번 부드러운 모발
닥터포헤어,샴푸,닥터포헤어 폴리젠 실크 샴푸 500ml,500,19800,1-2번 5번 9번
닥터포헤어,샴푸,닥터포헤어 아줄렌 메드 샴푸 500ml,500,29000,1-2번 5번 9번 4번 2번
댕기머리,샴푸,댕기머리 명품 스페셜 샴푸 500ml,500,33240,5번 9번 발모
댕기머리,샴푸,댕기머리 뉴골드 샴푸 500ml,500,15520,1-2번 5번 9번
댕기머리,샴푸,댕기머리 뉴골드 프리미엄 샴푸 500ml,500,33840,1-2번 9번 2번
댕기머리,샴푸,댕기머리 들애수 탈모샴푸 500ml,500,15790,1-2번 5번 9번 수렴 및 진정
댕기머리,샴푸,댕기머리 진윤 샴푸 400ml,400,7130,1-2번 5번 9번
댕기머리,샴푸,댕기머리 들애수 샴푸액 펌프형 400ml,400,17430,
댕기머리,샴푸,댕기머리 두피 관리용 한방 샴푸 500ml,500,5800,
댕기머리,샴푸,댕기머리 옐로우 블라썸 샴푸 400ml,400,15300,1-2번 5번
댕기머리,샴푸,댕기머리 오리지널 진기 샴푸 500ml,500,15810,1-2번 5번
댕기머리,샴푸,댕기머리 시크릿핏 데미지케어 샴푸 480ml,480,5880,4번
댕기머리,샴푸,댕기머리 포르테 프레스티지 샴푸,,21960,1-2번 5번 9번
알페신,샴푸,알페신 카페인 샴푸 C1 펌프형 1250ml,1250,30060,1-1번 4번 3번 9번
알페신,샴푸,알페신 민감성용 샴푸 S1 250ml,250,5520,2번 5번 3번
알페신,샴푸,알페신 액티브 샴푸 A2 250ml,250,7100,4번 5번 3번 9번
알페신,샴푸,알페신 액티브 샴푸 A3 250ml,250,6390,4번 5번 3번 9번
알페신,샴푸,알페신 플란투어 39 피토 카페인 샴푸 250ml,250,11130,4번 3번
알페신,샴푸,알페신 액티브 샴푸 A1 250ml,250,14500,4번 5번 3번 9번
미친스킨,샴푸,미친스킨 맥주효모 샴푸 300ml,300,14090,4번 5번 3번 9번 7번
네이처리퍼블릭,샴푸,네이처리퍼블릭 블랙빈 안티 헤어 로스 샴푸 520ml,520,13280,4번 5번 3번 9번 7번
네이처리퍼블릭,샴푸,네이처리퍼블릭 트루 허브 만다린 진저 샴푸 270ml,270,5330,4번 3번 9번 7번
네이처리퍼블릭,샴푸,네이처리퍼블릭 트루 허브 로즈마리 민트 샴푸 270ml,270,5330,4번 5번 3번 9번 7번
네이처리퍼블릭,샴푸,네이처리퍼블릭 트루 허브 사이프러스 타임 샴푸 270ml,270,5330,4번 5번 3번 9번 7번
네이처리퍼블릭,샴푸,네이처리퍼블릭 트루 허브 라벤더 패출리 샴푸 270ml,270,5330,4번 5번 2번 3번 9번 7번
피엘코스메틱,샴푸,피엘코스메틱 비어멕 맥주효모 샴푸 500ml,500,21000,4번 3번 9번 7번
피엘코스메틱,샴푸,피엘코스메틱 비타브리드 스칼프 샴푸 300ml,300,12490,4번 3번 9번 7번
피엘코스메틱,샴푸,피엘코스메틱 비타브리드 스칼프 샴푸 500ml,500,38000,4번 3번 9번
한국보원바이오,샴푸,한국보원바이오 블랙모리 샴푸 300ml,300,39800,3번 5번
더마앤모어,샴푸,더마앤모어 비오틴 탈모샴푸 1000ml,1000,6800,3번 5번
더마앤모어,샴푸,더마앤모어 콜라겐 안티헤어로스 샴푸 400ml,400,17190,3번 5번
반코르,샴푸,반코르 맥주효모샴푸 탈모완화 500ml,500,26500,3번 7번
폴미첼,샴푸,폴미첼 티트리 스페셜 샴푸 1000ml,1000,22900,2번 3번
폴미첼,샴푸,폴미첼 티트리 스페셜 샴푸 300ml,300,14890,2번 3번
비타브리드,샴푸,비타브리드 스칼프 샴푸 플러스 500ml,500,13330,4번 3번 9번
닥터라파,샴푸,닥터라파 알 탈모샴푸 500ml,500,7500,4번 3번 9번 7번
실크테라피,샴푸,실크테라피 알엑스 프로 샴푸 480ml,480,11060,4번 3번 9번 7번
일동제약,샴푸,일동제약 탈모랩 블랙 프로바이오틱 샴푸 300g,300,22340,4번 5번 9번 7번
리체나,샴푸,리체나 골드 한방 헤나 클리닉 샴푸 500ml,500,13490,4번 5번 9번 7번
다슈,샴푸,다슈 데일리 한방 두피 골드 샴푸 500ml,500,36000,4번 3번 5번 9번
다슈,샴푸,다슈 안티 헤어로스 스칼프 샴푸 1000ml,1000,17340,4번 3번 5번 9번
다슈,샴푸,다슈 비녹시딜 스칼프 샴푸 500ml,500,21000,4번 3번 5번 9번 7번
다슈,샴푸,다슈 비녹시딜 프레쉬 샴푸 500ml,500,21000,4번 3번 5번 9번 7번
푸드페시아,샴푸,푸드페시아 DHT-X 샴푸 360ml,360,19900,4번 3번 9번
푸드페시아,샴푸,푸드페시아 DHT-X 스칼프티 샴푸 400ml,400,16700,4번 3번 9번
닥터방기원,샴푸,닥터방기원 댄드러프 샴푸 1000ml,1000,12250,4번 3번 9번 7번
닥터방기원,샴푸,닥터방기원 랩프레스티지 안티옥시던트 항산화 샴푸 500ml,500,65760,3번 5번
현대약품,샴푸,현대약품 마이녹셀 탈모샴푸 400ml,400,12330,4번 3번 9번 7번
밥스누,샴푸,밥스누 서울대 약콩모 스칼프 딥 클렌징 탈모샴푸 400ml,400,19900,4번 3번 5번 9번
케이엠제약,샴푸,케이엠제약 닥터방기원 랩플러스바이옴 탈모샴푸 블랙라벨 1000ml,1000,13880,4번 3번 5번 9번 7번
케이엠제약,샴푸,케이엠제약 닥터방기원 랩플러스바이옴 탈모샴푸 그린라벨 1000ml,1000,15460,4번 3번 9번 7번
케이엠제약,샴푸,케이엠제약 닥터방기원 랩플러스바이옴 탈모샴푸 블루라벨 1000ml,1000,15900,4번 3번 5번 9번 7번
솔레오코스메틱,샴푸,솔레오코스메틱 벤티 샴푸 1000ml,1000,37830,4번 3번 5번 9번 7번
순수연구소,샴푸,순수연구소 어도러블 여인 샴푸 500ml,500,25670,3번 7번
닥터봉코스메틱,샴푸,닥터봉코스메틱 닥터봉 한방 골드 샴푸 550ml,550,45000,3번
리즈케이,샴푸,리즈케이 알블랙 샴푸 450g,450,18190,3번 5번
헤드스파7,샴푸,헤드스파7 썬트리샴푸 500ml,500,75800,4번 5번 3번 9번 7번
리엔,샴푸,리엔 보양진 민감성 샴푸 400ml,400,3110,3번
리엔,샴푸,리엔 보양진 탈모방지 지성 샴푸 400ml,400,7900,3번
리엔,샴푸,리엔 보양진 탈모방지 중건성 샴푸 400ml,400,6700,5번
리엔,샴푸,리엔 보양진 지성 샴푸 400ml,400,7000,5번
닥터찰로스,샴푸,닥터찰로스 트리플에스 약산성 탈모샴푸 1350ml,1350,17900,3번 4번 5번 9번
닥터올가,샴푸,닥터올가 비건 호호바 티트리 천연 샴푸 1000ml,1000,66000,3번 4번 5번
톤28,샴푸,톤28 샴푸바S19(바오밥) 100g,100,11000,5번
안달로우내추럴스,샴푸,안달로우내추럴스 아르간 스템셀에이지 디파잉 샴푸 340ml,340,18000,5번
나드,샴푸,나드 센시티브 두피 케어 샴푸 500ml,500,24000,4번 5번 3번 9번
톤28,샴푸,톤28 샴푸바S21 검은콘+참숯 100g,100,11000,5번 3번
마녀공장,샴푸,마녀공장 허브그린 샴푸 510ml,510,25000,5번 3번
편강율,샴푸,편강율 약산성 두피 샴푸 500ml,500,34000,4번 9번
플로레비다,샴푸,프로레비다 더 로즈 가드너 샴푸[떼떼드벨르] 280ml,280,23000,4번 5번 9번
이솔,샴푸,이솔 두피가 편한 샴푸 500ml,500,18800,5번 3번
아로마티카,샴푸,아로마티카 로즈마리 스칼프 스케일링 샴푸 400ml,400,24000,5번 7번
로픈,샴푸,로픈 바오밥 21차 건성/일반용 약산성 프리미엄 샴푸 1000ml,1000,23500,5번
메리뮤,샴푸,메리뮤 밸런싱 샴푸 [퓨어프리니아] 1000ml,1000,32000,5번
유리피부,샴푸,유리피부 바나나 폭탄 샴푸 500ml,500,27000,4번 9번 7번
솔테라피,샴푸,솔테라피 닥터 노이치 스칼프 샴푸 480ml,480,31000,3번
비욘드,샴푸,비욘드 프로페셔널 디펜스 샴푸 500ml,500,31000,5번 3번 7번
닥터올가,샴푸,닥터올가 태초 다시마 탈모 증상 완화 샴푸 500ml,500,45000,4번 5번 3번 9번 7번
닥터포헤어,샴푸,닥터포헤어 피토테라피 두피케어 샴푸 500ml,500,28000,5번 3번
닥터지,샴푸,닥터지 두피랩 스케일링 샴푸 500ml,500,26000,3번 7번
블루라이트,샴푸,블루라이트 두피 케어 가려움 각질 비듬 전용 한방 향균 샴푸 500ml,500,31000,4번 5번 3번 9번
라보에이치,샴푸,라보에이치 탈모즈상완화 퍼품샴푸 400ml,400,24000,5번 3번
모다모다,샴푸,모다모다 프로 체인지 다크닝 샴푸 300ml,300,34000,4번 5번 3번 9번 7번
모다모다,샴푸,모다모다 프로 체인지 블론드 샴푸 300ml,300,24000,4번 5번 3번 9번 7번
닥터올가,샴푸,닥터올가 로즈마리 민트 샴푸 500ml,500,33000,1-2번  5번
이지엔,샴푸,이지엔 닥터본드 No.7 오일 샴푸370ml,370,25000,1-2번  5번
헤어플러스,샴푸,헤어플러스 단백질 본드 샴푸 1000ml,1000,45000,1-2번  3번  5번
쿤달,샴푸,쿤달 허니 앤 마카다미아 네이처샴푸 [화이트머스크] 500ml,500,10900,1-2번  5번
와프랩,샴푸,와프랩 더블유 샴푸 애프터 워크아웃 포 우먼 500ml,500,32000,1-2번
뉴트리커먼,샴푸,뉴트리커먼 아브아 맥주효모 비오틴 탈모완화 샴푸 500ml,500,24900,1-2번  9번  10번
아도르,샴푸,아도르 ACV 식초 샴푸 430ml,430,28000,2번
동구밭,샴푸,동구밭 올바른 샴푸바 지성용 100g,100,9500,2번
CKDGUARANTEED,샴푸,아미노 비오틴 올파워풀 샴푸 500ml,500,32000,1-2번  2번  10번
네쉬,샴푸,네쉬 바이옴 스칼프 밸런싱 샴푸 480ml,480,26000,1-2번  2번  9번
닥터포헤어,샴푸,닥터포헤어 폴리젠 셀 에너지 탈모 완화 샴푸 500ml,500,43000,2번  9번  10번
로마,샴푸,로마 너리싱 샴푸 355ml,355,34000,1-2번  10번
굿타임포키즈,샴푸,굿타임포키즈 샴푸 500ml,500,36000,1-2번  2번  10번
어반앤,샴푸,어반앤 버블 샴푸 포 리프레싱 스칼프 500ml,500,28000,
닥터시드,샴푸,닥터시드 블랙빈 비건 탈모 샴푸 1000ml,1000,19800,1-1번  2번
퓨라도르,샴푸,퓨라도르 오리지널 골드라벨 안티헤어 씨닝 샴푸 473ml,473,35900,2번
프라브아,샴푸,프라브아 엑스 샴푸 480ml,480,33000,1-1번
닥터그루트,샴푸,닥터그루트 제이 몬스터즈 두피 정화 샴푸 400ml,400,22000,9번
시카트리,샴푸,시카트리 탈모증상 완화 기능성 샴푸 블랙 500ml,500,31000,9번
칼앤한스,샴푸,칼앤한스 보타닉 샴푸 390ml,390,20000,1-2번  2번
에퓨놀,샴푸,에퓨놀 바이옴 샴푸 500ml,500,35000,1-1번
닥터바이오,샴푸,닥터파이오 랩업 샴푸 750ml,750,20900,1-2번
려,샴푸,려 본초진 탈모증상완화 샴푸 353ml,353,17900,1-2번  2번
리솔츠,샴푸,리솔츠 리추얼 스칼프 스케일링 샴푸바 90g,90,21000,1-2번  3번  10번
앰플브라운,샴푸,앰플브라운 앰플브러쉬 괄사 헤어워시바 100g,100,17000,1-2번  10번
브로앤팁스,샴푸,브로앤팁스 알파비오틴 뿌리볼륨 탈모샴푸 500ml,500,28000,1-1번  2번  3번  10번
브이헤어엑스퍼트,샴푸,브이헤어엑스퍼트 더마 탈모완화 케어 샴푸 480ml,480,19900,1-1번
아베다,샴푸,아베다 로즈메리 민트 퓨리파잉 샴푸 250ml,250,28000,1-1번  9번
헤어올로지,샴푸,헤어올로지 비건 두피케어 탈모샴푸 500ml,500,65000,
씨스팡,샴푸,씨스팡 나호 샴푸 400ml,400,59000,1-1번  3번  9번
리비긴,샴푸,"리비긴 수렴 및 진정,비듬 제거 샴푸 320ml",320,19000,1-1번  9번
리비긴,샴푸,리비긴 편백수 샴푸 320ml,320,19000,9번
브로앤팁스,샴푸,브로앤팁스 알파비오틴 지성두피 탈모샴푸 500ml,500,28000,9번
헤어플러스,샴푸,헤어플러스 컬러본드 보색 샴푸 300ml,300,43800,
로픈,샴푸,로픈 바오밥 탈모증상완화 샴푸 1000ml,1000,22500,10번
라보에이치,샴푸,라보에이치 탈모증상완화 두피강화 스킨샴푸바 80g,80,17900,2번
에템,샴푸,에템 시카 탈모증상완화 샴푸 500ml,500,25800,1-1번  9번  10번
올랩,샴푸,올랩 퍼펙트 그린 탈모 증상 완화 샴푸 389ml,389,32000,9번
모레모,트리트먼트,모레모 헤어 트리트먼트 미라클 2X 480ml,480,39000,1-2번
닥터올가,트리트먼트,닥터올가 아르간 트리트먼트헤어팩 210ml,210,27000,1-2번  2번  10번
나드,트리트먼트,나드 센시티브 두피 케어 트리트먼트 500ml,500,24000,2번  9번  10번
모레모,트리트먼트,모레모 워터 트리트먼트 미라클 10 480ml,480,49000,1-2번
투쿨포스쿨,헤어팩,투쿨포스쿨 에그 레미디 헤어팩 200g,200,15000,1-2번
라보에이치,트리트먼트,라보에이치 프로바이오틱스 스칼프 캡슐 트리트먼트 200ml,200,20000,1-2번  2번  10번
로레알파리,헤어팩,로레알파리 토탈리페어5 인스턴트 미라클 헤어팩 170ml,170,9900,1-2번
힐링버드,트리트먼트,힐링버드 울트라 프로틴 노워시 앰플 트리트먼트 200ml,200,24000,1-2번
헤어플러스,트리트먼트,헤어플러스 단백질 본드 트리트먼트 700ml,700,42000,1-2번  2번  10번
리비긴,트리트먼트,리비긴 오트 프로틴 트리트먼트 120ml,120,19000,1-2번
제니하우스,트리트먼트,제니하우스 실크 휘핑 트리트먼트 200ml,200,39000,1-2번
셀리그램,트리트먼트,셀리그램 스칼프 인 리커버리 리페어 트리트먼트 200ml,200,25900,
어노브,트리트먼트,어노브 딥 데미지 헤어 트리트먼트 EX 40ml,40,7000,10번
닥터지,트리트먼트,닥터지 두피랩 마사지 트리트먼트 300ml,300,20000,
로픈,트리트먼트,로픈 바오밥 헤어 트리트먼트 플러스 1000ml,1000,13380,2번  10번
편강율,트리트먼트,편강율 약산성 두피 트리트먼트 500ml,500,34000,9번  10번
마녀공장,트리트먼트,마녀공장 바이옥실 안티 헤어로스 트리트먼트 200ml,200,28000,9번  10번
이브로쉐,트리트먼트,이브로쉐 리프레쉬 헤어식초 [모링가] 150ml,150,11900,
헤드스파7,트리트먼트,헤드스파7 트리트먼트 파란눈 200ml,200,30000,9번   10번
비욘드,트리트먼트,비욘드 프로페셔널 디펜스 트리트먼트 500ml,500,31000,1-2번  10번
에이로브,트리트먼트,에이르보 10 블룸오브샤론 리페어 헤어마스크 200ml,200,30000,1-2번  2번  10번
퓨레드2,흑채,퓨레드2 섬세커버,,24500,원형탈모
퓨레드2,흑채,티안나는 흑채 퓨레드2 일체형 ,,24500,원형탈모
퓨레드2,흑채,티안나는 흑채 퓨레드2 와이드,,24500,원형탈모
퓨레드2,흑채,티안나는 흑채 퓨레드2 미니,,24500,원형탈모
퓨레드2,흑채,티안나는 흑채 퓨레드2 분리형,,24500,원형탈모
퓨레드2,흑채,티안나는 흑채 퓨레드2 바르는 흑채,,24500,원형탈모
퓨레드2,흑채,흑채 전용 미스트 스프레이 300ml,300,22000,원형탈모
블랙모아,흑채,블랙모아 헤어컨실러,,34000,원형탈모
블랙모아,흑채,블랙모아 리필,,63000,원형탈모
드림헤어,흑채,드림헤어 순간증모제,,35000,원형탈모
슈퍼밀리언헤어,흑채,슈퍼밀리언헤어 증모제,,58000,원형탈모
토픽,흑채,토픽 증모제,,45000,원형탈모
매직멀티헤어,흑채,순간증모제,,16500,원형탈모
헤어리치,흑채,헤어리치 흑채,,34000,원형탈모
나노겐,흑채,나노겐 파이버,,46000,원형탈모
애즈모,흑채,박준의 애즈모 미스트,,13000,원형탈모
탑센스,흑채,탑센스 흑채 25g 남성 여성 정수리탈모 독일 켈하임피브레스,25,33000,원형탈모
탑센스,흑채,탑센스 흑채 25g 미스트 200ml 독일 켈하임피브레스,200,43000,원형탈모
헤닉스,흑채,순간증모제 원형 부분탈모 2통(남여공용),2,11500,원형탈모
에이스제약,흑채,모모 순간증모제 검정색 3개,3,29000,원형탈모
오겐블릭,흑채,마이 헤어 커버 쿠션,,22900,원형탈모
프라임타임,흑채,리얼커버 흑채 24g * 4개,96,24900,원형탈모
아바타 헤어,흑채,헤어 쿠션 26g,26,15000,원형탈모
커버모,흑채,탈모용 흑채 커버모 대용랑 23g 6병,138,63000,원형탈모
지티엘코리아,부분가발,탑피스 아빠가발 가르마가발,,243000,원형탈모
여우가발,부분가발,원핀 볼륨커버 인모 정수리 부분가발,,21840,원형탈모
케이엔티,부분가발,KY 인모 가발 남성 여성 정수리 탈모 부분 커버 엠자 맞춤 짧은투블럭 생머리스타일,,32900,원형탈모
여우가발,부분가발,헤어멀티피스 정수리가발,,35000,원형탈모
여우가발,부분가발,남성용 슈퍼망불파트 인모 정수리 부분가발,,109000,원형탈모
미다인터내셔널,부분가발,남자 M자 커버 가발,,29900,원형탈모
에스엔에스,부분가발,감쪽이 정수리 가발,,31500,원형탈모
케이엔티,부분가발,짧은투블럭 생머리스타일 가발,,10900,원형탈모
한미양행,영양제,비오틴을 채우다,,44500,
보틀오프네이쳐,영양제,프리티 비오틴,,25100,
나트롤,영양제,나트롤 비오틴 10000mcg,,13000,
신헬스케어,영양제,NR 프리티 비오틴5000,,18400,
종근당,영양제,비오틴 90정,,26800,
나우푸드,영양제,비오틴 5000mcg,,4500,
리얼그램,영양제,유기농100%비오틴,,65000,
Dr.Prio,영양제,더다른비오틴,,122500,
vivife,영양제,건강한 유기농 100% 비오틴,,22900,
Now Foods,영양제,베타 시토스테롤 식물성 스테롤 180 소프트젤,,30998,
Source Naturals,영양제,초강력 베타 시토스테롤 375mg,,17370,
Life Extension,영양제,PalmettoGuard 톱야자풀/쐐기풀,,25049,
나우푸드,영양제,180 소프트젤,,49888,
샤오미,두피마사지기,두피마사지기 MINI M2,,23290,
샤오미,두피마사지기,KRIBEE 전동 두피 마사지기,,22570,
키위코퍼레이션,두피마사지기,전동 두피마사지기,,49100,
홈케어,두피마사지기,전동 충전식 두피안마기 81086-8,,23900,
에이블미,두피마사지기,무선 두피 마사지기,,37800,
한일의료기,두피마사지기,충전식 무선 미니 방수 두피 스켈링 마사지기,,117400,
더슈,두피마시지기,다슈 데일리 스칼프 스켈일링 브러쉬,,15000,
루이스벨라,두피마시지기,두피각질케어 전동탈모 루이스벨라,,78000,
keka,두피마사지기,머리 안마기 건습양용,,58900,
ANKRIC,두피마사지기,전동 두피마사지기,,56800,
오아,두피마사지기,스칼프빔 두피관리기,,69000,
마리아띠,두피마사지기,"두피마사지기, SO-405",,80640,
뷰리셀,두피마사지기,두피마사지 브러쉬,,9300,
브레오,두피마사지기,"손지압 두피마사직, SCALP2",,180000,
에디쁘,두피마사지기,두피 괄사 마사지기,,14000,
CALA,두피마사지기,헤드마사지기,,5260,
keka,두피마사지기,머리 지압 안마기 휴대용 미니,,27900,
제스파,두피마사지기,브레인 두피 마사지기 A380,,49000,
더줌커머스,두피마사지기,머르가즘 휴대용 간편 마사지기,,8700,
한일의료기,두피마사지기,HL-HE2000,,97400,
마리아띠,두피마사지기,전동 두피마사지기 So-805,,145000,
Smabat,두피마사지기,전동 두피 마사지기,,45900,
더마퀸,두피마사지기,두피 쿨링스틱,,27500,
마리아띠,두피마사지기,쿨그린 두피마사지기 SO-801,,250000,
두피쿨,두피마사지기,두피마사지기,,28600,
미빌,두피마사지기,탈모는그만 휴대용 두피마사지 브러쉬,,9900,
미프,헤어토닉,아미노 헤어프로텍터 150ml,150,50000,
테라픽,헤어토닉,프리미엄 토탈 헤어토닉,,90000,
리우젤,헤어토닉,그루밍 토닉 헤어에센스,,30520,
나드,헤어토닉,탈모증상완화 헤어토닉 200ml,200,36000,
나드,헤어토닉,블랙시드 탈모케어 헤어토닉,,15000,
닥터방기원,헤어토닉,랩 헤어토닉 150ml,150,23800,
에브리톡톡,헤어토닉,헤어토닉 베르가못향 240ml,240,33750,
닥터포헤어,헤어토닉,폴리젠 헤어토닉,,19000,
아로마티카,헤어토닉,액티브 브이 안티 헤어로스 토닉,,22000,
달리프,해어토닉,달리프 클로렐라 베러 루트 헤어 토닉,,17100,
메디슈어,헤어토닉,메디슈어 헤어토닉,,9900,
시세이도,헤어토닉,지성용 뷰티 스파 헤어토닉,,128000,
클럽맨피노드,헤어토닉,그리즐리스 헤어토닉,,25000,
려,헤어토닉,탈모증상전문케어 두피 헤어토닉,,20000,
플로랜드,클리닉용품,프리미엄 케라틴 체인지 헤어앰플,,12600,
비에티,클리닉용품,영양 앰플 대용량 부들부들 헤어엠플 1040ml,1040,50000,
미쟝센,클리닉용품,살롱 플러스 클리닉 에센스990ml,990,21900,
